

	SKU,Item Name,Modification,Before,Current,Location, Date,Time,User id
011000000075,montego mentl sil king pk,Item Name, montego mentl king ctn,montego mentl sil king pk,Web,06-05-2021,10:14:33,703
011000010043,montego org 100 ctn,Item Name, montego,montego org 100 ctn,Web,06-05-2021,10:22:02,703
038000359217,kelloggs nutri grain strrawberry,Item Name, kelloggs nutri grain strraw038000359217,kelloggs nutri grain strrawberry,Web,06-11-2021,09:51:12,703
684746400531,CLUB TAIL long island iced tea,Item Name, long island iced tea,CLUB TAIL long island iced tea,Web,06-25-2021,10:09:41,703
089924335672,yuengling GOLD PIL,Item Name, yuengling,yuengling GOLD PIL,Web,06-25-2021,10:24:18,703
